{
  "vgg16_bn": {
    "channel": {
      "original": [1.0, 1.0, 1.0, 1.0, 1.0, 1.0, 1.0, 1.0, 1.0, 1.0, 1.0, 1.0, 1.0, 1.0, 1.0, 1.0]
    },
    "weight": {
      "010_uni": [0.1, 0.1, 0.1, 0.1, 0.1, 0.1, 0.1, 0.1, 0.1, 0.1, 0.1, 0.1, 0.1, 0.1, 0.1, 0.1],
      "010_lamp": [0.809027791023254, 0.658040344715118, 0.556328654289246, 0.450907349586487, 0.318227171897888, 0.209515035152435, 0.208372354507446, 0.122057616710663, 0.069378316402435, 0.068788766860962, 0.067314982414246, 0.067824482917786, 0.067981719970703, 0.156400680541992, 0.358383178710937, 0.829296886920929],
      "010_erk": [1, 0.518039286136627, 0.382717549800873, 0.253214478492737, 0.188462972640991, 0.125157654285431, 0.125157654285431, 0.093505859375, 0.062216460704804, 0.062216460704804, 0.062216460704804, 0.062216460704804, 0.062216460704804, 0.626272201538086, 1, 1]
    }
  },
  "resnet18": {
    "channel": {
      "original": [1.0, 1.0, 1.0, 1.0, 1.0, 1.0, 1.0, 1.0, 1.0, 1.0, 1.0, 1.0, 1.0, 1.0, 1.0, 1.0, 1.0, 1.0]
    },
    "weight": {
      "010_uni": [0.1, 0.1, 0.1, 0.1, 0.1, 0.1, 0.1, 0.1, 0.1, 0.1, 0.1, 0.1, 0.1, 0.1, 0.1, 0.1, 0.1, 0.1, 0.1, 0.1, 0.1],
      "010_lamp": [0.825810194015503, 0.591769754886627, 0.642876505851746, 0.626573383808136, 0.652723550796509, 0.8175048828125, 0.5126953125, 0.343939900398254, 0.35504150390625, 0.370103597640991, 0.6851806640625, 0.233849406242371, 0.131696939468384, 0.140367269515991, 0.147813558578491, 0.436264038085938, 0.082941710948944, 0.044330179691315, 0.044753193855286, 0.047339558601379, 0.827539086341858],
      "010_erk": [1, 0.479682087898254, 0.479682087898254, 0.479682087898254, 0.479682087898254, 1, 0.354383707046509, 0.234469950199127, 0.234469950199127, 0.234469950199127, 1, 0.174509704113007, 0.115892171859741, 0.115892171859741, 0.115892171859741, 0.775230407714844, 0.086583435535431, 0.057610809803009, 0.057610809803009, 0.057610809803009, 1]
    }
  },
  "ResNet50": {
    "channel": {
      "original": [1.0, 1.0, 1.0, 1.0, 1.0, 1.0, 1.0, 1.0, 1.0, 1.0, 1.0, 1.0, 1.0, 1.0, 1.0, 1.0, 1.0, 1.0, 1.0, 1.0, 1.0, 1.0, 1.0, 1.0, 1.0, 1.0, 1.0, 1.0, 1.0, 1.0, 1.0, 1.0, 1.0, 1.0, 1.0, 1.0, 1.0, 1.0, 1.0, 1.0, 1.0, 1.0, 1.0, 1.0, 1.0, 1.0, 1.0, 1.0, 1.0, 1.0]
  },
    "weight": {
      "010_uni": [0.1, 0.1, 0.1, 0.1, 0.1, 0.1, 0.1, 0.1, 0.1, 0.1, 0.1, 0.1, 0.1, 0.1, 0.1, 0.1, 0.1, 0.1, 0.1, 0.1, 0.1, 0.1, 0.1, 0.1, 0.1, 0.1, 0.1, 0.1, 0.1, 0.1, 0.1, 0.1, 0.1, 0.1, 0.1, 0.1, 0.1, 0.1, 0.1, 0.1, 0.1, 0.1, 0.1, 0.1, 0.1, 0.1, 0.1, 0.1, 0.1, 0.1, 0.1, 0.1, 0.1, 0.1]
    }
  }
}